draw_id,date,n1,n2,n3,n4,n5,n6,strong
3966,15/09/2026,10,16,17,22,35,37,6
3965,13/09/2026,2,15,22,28,29,32,1
3964,08/09/2026,2,4,9,20,32,33,5
3963,05/09/2026,2,9,11,20,23,29,2
3962,03/09/2026,2,4,8,9,21,23,5
3961,01/09/2026,1,2,7,21,31,35,3
3960,29/08/2026,1,4,6,9,34,35,4
3959,25/08/2026,3,18,20,21,24,34,6
3958,22/08/2026,4,5,6,9,11,17,1
3957,18/08/2026,1,3,5,10,11,18,5
3956,15/08/2026,1,9,13,17,22,23,5
3955,13/08/2026,1,3,13,16,19,29,1
3954,11/08/2026,2,6,18,20,31,34,6
3953,08/08/2026,1,6,9,16,22,33,7
3952,04/08/2026,1,9,13,20,23,35,4
3951,01/08/2026,12,14,16,18,32,33,4
3950,28/07/2026,1,8,9,19,21,23,7
3949,25/07/2026,8,14,20,25,26,34,6
3948,21/07/2026,11,12,13,19,20,36,4
3947,18/07/2026,5,6,8,31,32,36,4
3946,16/07/2026,2,14,21,26,27,28,2
3945,14/07/2026,5,8,23,26,35,37,7
3944,11/07/2026,7,14,28,30,31,37,1
3943,07/07/2026,5,15,16,27,32,37,2
3942,04/07/2026,6,7,18,19,23,34,1
3941,30/06/2026,5,7,24,31,34,37,4
3940,27/06/2026,5,6,8,13,24,37,5
3939,25/06/2026,7,12,16,18,29,35,7
3938,23/06/2026,1,7,12,14,30,32,2
3937,20/06/2026,3,5,6,15,21,36,5
3936,16/06/2026,6,11,21,24,26,29,4
3935,13/06/2026,4,11,13,25,32,37,5
3934,09/06/2026,11,19,20,29,31,35,2
3933,06/06/2026,7,11,18,22,35,36,4
3932,04/06/2026,4,8,18,21,28,36,2
3931,02/06/2026,1,4,17,26,32,37,3
3930,30/05/2026,10,23,25,28,32,33,4
3929,26/05/2026,5,6,9,15,16,21,5
3928,24/05/2026,2,5,6,8,30,37,6
3927,19/05/2026,4,10,18,21,32,33,2
3926,16/05/2026,4,9,14,18,21,32,2
3925,14/05/2026,9,10,17,18,21,32,2
3924,12/05/2026,2,5,11,14,24,29,3
3923,09/05/2026,1,7,19,22,27,34,5
3922,05/05/2026,4,11,30,32,35,36,6
3921,02/05/2026,5,8,27,31,32,34,7
3920,28/04/2026,3,7,12,18,24,27,5
3919,25/04/2026,5,6,12,19,24,27,7
3918,23/04/2026,7,8,15,16,21,24,4
3917,18/04/2026,3,13,15,16,19,27,6
3916,14/04/2026,1,3,16,17,18,37,2
3915,11/04/2026,16,17,18,19,26,29,6
3914,09/04/2026,1,2,8,16,17,25,7
3913,04/04/2026,10,17,21,23,26,34,3
3912,31/03/2026,13,18,19,21,29,37,5
3911,28/03/2026,2,3,8,9,10,11,2
3910,26/03/2026,8,13,15,27,28,31,3
3909,24/03/2026,9,10,23,25,27,30,3
3908,21/03/2026,2,7,8,26,34,36,1
3907,17/03/2026,22,24,25,27,30,37,2
3906,14/03/2026,5,7,20,22,31,35,2
3905,12/03/2026,2,4,7,9,10,13,7
3904,10/03/2026,19,20,23,24,31,33,6
3903,07/03/2026,3,8,10,17,29,35,7
3902,24/02/2026,13,15,16,20,35,36,7
3901,21/02/2026,4,8,11,18,19,35,7
3900,19/02/2026,7,9,25,26,35,36,3
3899,17/02/2026,7,10,14,25,29,36,7
3898,14/02/2026,6,9,10,11,21,22,2
3897,10/02/2026,1,3,8,20,24,37,1
3896,07/02/2026,13,14,26,31,33,36,4
3895,03/02/2026,5,8,30,32,33,34,2
3894,31/01/2026,5,23,25,27,28,32,2
3893,29/01/2026,5,14,18,22,26,31,5
3892,27/01/2026,3,15,21,23,26,35,1
3891,24/01/2026,3,7,13,18,19,35,1
3890,20/01/2026,7,19,32,34,35,37,4
3889,17/01/2026,10,11,16,17,21,29,6
3888,13/01/2026,1,2,13,15,24,31,6
3887,10/01/2026,9,11,12,19,22,37,5
3886,08/01/2026,1,2,7,18,23,25,5
3885,06/01/2026,1,16,21,30,34,36,3
3884,03/01/2026,6,10,18,22,29,34,6
3883,30/12/2025,1,10,16,17,25,31,5
3882,27/12/2025,8,11,15,18,24,34,4
3881,25/12/2025,11,22,26,29,30,37,4
3880,23/12/2025,2,9,11,19,22,28,4
3879,20/12/2025,7,8,10,12,13,21,5
3878,16/12/2025,1,5,23,25,28,33,2
3877,13/12/2025,1,7,21,24,28,33,2
3876,09/12/2025,5,8,9,25,34,36,1
3875,06/12/2025,4,14,17,26,31,34,6
3874,04/12/2025,9,12,13,17,19,33,4
3873,02/12/2025,1,11,24,25,36,37,3
3872,29/11/2025,16,23,27,29,30,33,3
3871,25/11/2025,7,14,25,28,33,36,3
3870,22/11/2025,6,7,14,23,24,33,5
3869,18/11/2025,5,6,13,20,26,27,4
3868,15/11/2025,2,21,26,27,30,33,5
3867,13/11/2025,5,8,16,19,35,36,5
3866,11/11/2025,1,3,4,17,22,28,2
3865,08/11/2025,2,14,18,20,28,32,7
3864,04/11/2025,12,15,18,19,29,37,4
3863,01/11/2025,12,14,17,18,34,37,2
3862,28/10/2025,5,7,21,24,30,32,5
3861,25/10/2025,5,10,12,17,24,36,6
3860,23/10/2025,4,6,16,17,24,31,7
3859,21/10/2025,20,22,23,25,26,27,6
3858,18/10/2025,23,28,29,31,35,36,6
3857,14/10/2025,2,6,9,13,17,27,1
3856,11/10/2025,10,18,20,21,29,34,2
3855,09/10/2025,4,19,22,23,27,33,5
3854,05/10/2025,12,14,17,19,31,33,3
3853,30/09/2025,8,12,18,22,31,32,5
3852,27/09/2025,17,23,25,27,30,37,4
3851,25/09/2025,2,3,15,25,31,32,5
3850,20/09/2025,3,24,33,35,36,37,3
3849,16/09/2025,1,2,11,17,19,26,6
3848,13/09/2025,2,4,7,14,30,36,4
3847,11/09/2025,10,14,18,27,28,34,3
3846,09/09/2025,2,4,20,23,29,34,1
3845,06/09/2025,13,25,26,28,30,35,4
3844,02/09/2025,2,7,19,26,27,32,5
3843,30/08/2025,3,4,8,24,25,26,6
3842,28/08/2025,20,21,23,24,28,31,4
3841,26/08/2025,11,14,24,25,26,30,3
3840,23/08/2025,9,10,11,14,16,27,7
3839,19/08/2025,1,3,7,17,20,35,4
3838,16/08/2025,21,22,24,25,29,35,1
3837,14/08/2025,3,6,13,28,30,31,7
3836,12/08/2025,6,16,21,34,35,37,6
3835,09/08/2025,17,25,29,30,31,35,2
3834,05/08/2025,10,16,18,26,29,30,3
3833,03/08/2025,8,10,13,18,23,26,4
3832,29/07/2025,11,17,20,24,32,35,6
3831,26/07/2025,2,4,18,25,26,36,5
3830,24/07/2025,2,10,16,28,29,33,2
3829,22/07/2025,2,5,11,12,28,29,5
3828,19/07/2025,3,13,21,27,30,36,7
3827,15/07/2025,20,21,27,29,30,33,3
3826,12/07/2025,9,20,22,35,36,37,2
3825,08/07/2025,10,11,16,17,20,28,1
3824,05/07/2025,6,8,14,16,20,25,1
3823,03/07/2025,2,9,12,24,27,32,5
3822,01/07/2025,3,15,18,26,28,36,6
3821,28/06/2025,3,15,17,22,31,33,6
3820,21/06/2025,10,12,13,19,20,27,7
3819,12/06/2025,2,4,9,24,26,35,2
3818,10/06/2025,1,4,8,14,25,31,4
3817,07/06/2025,1,7,14,17,21,37,7
3816,03/06/2025,4,7,10,11,16,24,7
3815,31/05/2025,8,14,17,18,25,32,6
3814,27/05/2025,1,5,15,18,24,32,3
3813,24/05/2025,1,19,23,28,35,36,5
3812,20/05/2025,1,10,16,18,28,35,7
3811,17/05/2025,8,13,14,22,25,28,4
3810,15/05/2025,4,5,6,21,22,24,5
3809,13/05/2025,5,8,21,23,29,35,7
3808,10/05/2025,1,15,27,28,31,37,2
3807,06/05/2025,1,3,8,27,29,31,6
3806,03/05/2025,1,7,23,29,32,35,6
3805,28/04/2025,2,8,13,21,28,35,5
3804,26/04/2025,4,6,11,16,21,30,3
3803,22/04/2025,6,18,22,30,32,37,6
3802,19/04/2025,14,21,24,34,35,37,6
3801,15/04/2025,1,2,11,15,21,33,5
3800,13/04/2025,4,10,14,29,36,37,7
3799,10/04/2025,1,4,21,22,28,29,5
3798,08/04/2025,12,22,23,25,28,33,6
3797,05/04/2025,2,18,20,21,26,34,1
3796,01/04/2025,11,16,18,31,34,37,4
3795,29/03/2025,4,5,11,18,19,27,1
3794,25/03/2025,6,13,18,20,22,28,5
3793,22/03/2025,1,3,8,14,17,33,2
3792,20/03/2025,2,8,11,21,25,34,2
3791,18/03/2025,10,11,23,26,29,34,1
3790,15/03/2025,4,7,9,10,12,27,7
3789,11/03/2025,3,5,14,19,22,27,2
3788,08/03/2025,1,4,16,26,27,34,2
3787,04/03/2025,11,15,21,22,28,29,1
3786,01/03/2025,15,17,21,30,34,37,7
3785,25/02/2025,2,3,7,10,14,18,1
3784,22/02/2025,3,7,8,21,24,35,2
3783,18/02/2025,3,14,25,29,30,31,6
3782,15/02/2025,12,13,21,23,24,33,3
3781,13/02/2025,2,11,17,18,25,34,4
3780,11/02/2025,10,20,26,28,30,33,3
3779,08/02/2025,1,5,24,27,28,31,4
3778,04/02/2025,2,9,12,15,19,37,7
3777,01/02/2025,7,24,25,27,30,35,7
3776,28/01/2025,2,11,17,19,20,31,6
3775,25/01/2025,5,8,14,15,26,31,1
3774,21/01/2025,4,13,16,30,32,37,1
3773,18/01/2025,2,15,19,23,26,37,4
3772,16/01/2025,11,14,23,24,34,35,3
3771,14/01/2025,1,6,12,18,31,34,3
3770,11/01/2025,2,21,25,32,34,35,6
3769,07/01/2025,4,5,20,23,33,35,5
3768,04/01/2025,6,17,21,22,28,33,5
3767,31/12/2024,1,4,12,15,32,33,4
3766,28/12/2024,6,13,15,24,30,34,7
3765,26/12/2024,3,7,10,12,15,36,7
3764,24/12/2024,14,18,22,26,29,35,5
3763,21/12/2024,9,21,26,27,31,34,5
3762,17/12/2024,2,3,6,10,27,32,2
3761,14/12/2024,10,24,28,31,36,37,6
3760,10/12/2024,4,5,11,20,27,32,7
3759,07/12/2024,11,15,16,22,24,37,1
3758,03/12/2024,2,7,9,19,20,35,7
3757,30/11/2024,3,7,10,13,25,33,6
3756,26/11/2024,3,7,24,28,30,34,1
3755,23/11/2024,4,16,17,24,33,35,5
3754,21/11/2024,1,6,16,23,26,27,2
3753,19/11/2024,12,14,18,21,22,29,4
3752,16/11/2024,4,5,9,10,21,26,2
3751,12/11/2024,1,3,9,12,29,36,3
3750,09/11/2024,3,7,9,11,23,34,4
3749,05/11/2024,1,11,27,32,35,36,3
3748,02/11/2024,5,6,13,25,28,36,7
3747,31/10/2024,14,21,23,26,28,30,5
3746,29/10/2024,3,15,21,23,27,30,1
3745,26/10/2024,19,21,29,30,34,35,2
3744,22/10/2024,11,21,23,24,27,37,5
3743,19/10/2024,1,9,15,18,35,37,6
3742,15/10/2024,6,10,12,20,28,35,5
3741,13/10/2024,6,7,11,24,27,35,3
3740,08/10/2024,2,3,7,8,9,25,3
3739,06/10/2024,6,15,19,25,28,29,7
3738,01/10/2024,3,9,11,17,19,23,6
3737,28/09/2024,20,21,22,31,33,37,4
3736,26/09/2024,7,9,10,16,21,36,2
3735,24/09/2024,5,17,23,26,33,37,1
3734,21/09/2024,5,11,14,15,23,35,3
3733,17/09/2024,8,24,26,28,29,35,5
3732,14/09/2024,8,20,24,30,32,34,2
3731,12/09/2024,9,12,18,24,30,34,4
3730,10/09/2024,6,12,17,18,27,36,6
3729,07/09/2024,1,3,5,21,25,30,7
3728,03/09/2024,1,3,8,23,26,34,5
3727,31/08/2024,1,3,11,25,30,33,7
3726,27/08/2024,4,8,18,23,35,36,3
3725,24/08/2024,15,24,26,28,30,36,2
3724,22/08/2024,2,6,11,15,23,33,5
3723,20/08/2024,11,13,18,23,24,30,4
3722,17/08/2024,9,22,23,24,25,29,3
3721,13/08/2024,2,12,13,19,21,34,7
3720,10/08/2024,7,8,19,27,30,35,5
3719,06/08/2024,4,14,22,27,30,33,6
3718,03/08/2024,2,12,16,17,26,32,6
3717,30/07/2024,6,16,20,21,22,34,5
3716,27/07/2024,13,16,18,19,29,37,7
3715,25/07/2024,4,22,26,27,32,36,5
3714,23/07/2024,4,7,10,21,27,28,6
3713,20/07/2024,3,6,19,24,29,37,1
3712,16/07/2024,12,19,30,32,34,35,5
3711,13/07/2024,7,10,17,29,33,35,3
3710,11/07/2024,4,10,19,20,25,28,3
3709,09/07/2024,6,11,12,19,34,36,2
3708,06/07/2024,2,11,14,26,27,30,5
3707,02/07/2024,1,3,20,26,29,34,1
3706,29/06/2024,1,7,12,14,22,26,1
3705,25/06/2024,11,16,24,25,35,36,6
3704,22/06/2024,10,12,14,27,28,31,7
3703,20/06/2024,2,10,23,28,29,37,2
3702,18/06/2024,7,9,25,30,34,36,7
3701,15/06/2024,13,18,26,27,31,35,2
3700,13/06/2024,3,7,10,11,30,35,1
3699,08/06/2024,5,9,27,29,32,36,4
3698,04/06/2024,1,2,22,31,34,37,2
3697,01/06/2024,7,10,14,27,32,35,6
3696,28/05/2024,4,5,7,18,21,30,6
3695,25/05/2024,13,15,19,21,31,33,7
3694,23/05/2024,4,10,17,19,30,37,5
3693,21/05/2024,15,26,27,28,32,36,6
3692,18/05/2024,2,4,19,25,32,34,1
3691,15/05/2024,6,20,22,27,30,32,2
3690,11/05/2024,5,11,14,18,24,28,4
3689,07/05/2024,6,13,17,25,29,37,5
3688,04/05/2024,14,16,22,24,27,33,6
3687,30/04/2024,5,9,22,23,24,25,4
3686,27/04/2024,1,2,3,6,21,24,1
3685,23/04/2024,1,8,12,19,31,34,4
3684,20/04/2024,1,2,10,14,22,34,5
3683,16/04/2024,1,20,21,23,25,35,5
3682,13/04/2024,1,10,23,24,25,37,1
3681,11/04/2024,13,20,25,27,33,37,3
3680,09/04/2024,1,11,13,18,22,29,4
3679,06/04/2024,9,15,16,27,28,34,5
3678,02/04/2024,2,8,15,24,26,28,4
3677,30/03/2024,7,18,22,27,33,35,2
3676,26/03/2024,1,3,4,20,26,35,1
3675,23/03/2024,1,10,17,21,31,35,2
3674,19/03/2024,13,17,21,24,27,36,2
3673,16/03/2024,18,20,27,28,35,36,4
3672,14/03/2024,4,7,18,19,24,32,5
3671,12/03/2024,1,2,4,6,7,21,1
3670,09/03/2024,5,15,20,21,25,30,6
3669,05/03/2024,18,19,26,30,33,36,5
3668,02/03/2024,1,11,13,24,27,32,2
3667,27/02/2024,16,18,20,21,23,37,2
3666,24/02/2024,10,16,20,24,31,32,2
3665,20/02/2024,12,25,27,29,33,34,3
3664,17/02/2024,6,8,13,27,33,34,7
3663,15/02/2024,1,4,18,22,26,34,2
3662,13/02/2024,1,15,19,21,24,34,3
3661,10/02/2024,20,23,26,27,30,34,6
3660,06/02/2024,1,8,9,16,33,34,7
3659,03/02/2024,1,3,11,19,32,35,1
3658,30/01/2024,7,10,11,21,25,26,6
3657,27/01/2024,1,17,18,21,34,36,1
3656,25/01/2024,3,7,11,16,22,33,3
3655,23/01/2024,9,13,30,33,34,35,2
3654,20/01/2024,3,5,22,28,35,36,6
3653,16/01/2024,8,12,13,24,25,29,5
3652,13/01/2024,3,9,11,13,23,25,3
3651,09/01/2024,14,17,21,24,25,30,4
3650,06/01/2024,2,5,8,9,10,26,3
3649,02/01/2024,5,9,12,21,22,28,1
3648,30/12/2023,4,8,12,27,33,37,5
3647,26/12/2023,1,3,5,15,29,35,4
3646,23/12/2023,2,7,11,19,22,29,6
3645,19/12/2023,3,5,21,23,34,36,7
3644,16/12/2023,4,7,11,22,28,31,5
3643,12/12/2023,3,11,12,17,19,29,4
3642,07/12/2023,1,8,11,21,27,29,2
3641,05/12/2023,1,7,9,18,28,37,3
3640,30/11/2023,7,17,19,22,28,31,7
3639,28/11/2023,11,13,23,31,32,37,4
3638,23/11/2023,8,20,27,28,32,35,2
3637,21/11/2023,3,4,7,11,30,31,7
3636,16/11/2023,10,11,17,24,30,37,1
3635,14/11/2023,8,19,20,22,23,35,7
3634,09/11/2023,9,15,19,25,31,34,3
3633,07/11/2023,5,10,28,30,32,36,3
3632,02/11/2023,10,14,20,33,34,35,1
3631,31/10/2023,7,8,16,31,34,35,6
3630,26/10/2023,1,12,18,26,30,33,1
3629,24/10/2023,2,4,9,19,24,37,4
3628,03/10/2023,6,11,20,21,25,37,6
3627,30/09/2023,1,5,9,13,29,33,6
3626,26/09/2023,9,11,12,20,23,34,2
3625,23/09/2023,11,13,16,21,25,35,2
3624,19/09/2023,8,10,12,23,25,31,5
3623,17/09/2023,1,9,12,13,14,22,1
3622,12/09/2023,4,23,25,31,33,36,4
3621,09/09/2023,13,17,24,30,35,37,4
3620,07/09/2023,7,17,19,25,35,37,6
3619,05/09/2023,2,3,5,9,36,37,3
3618,02/09/2023,4,12,22,27,30,34,2
3617,29/08/2023,6,8,15,19,26,31,5
3616,26/08/2023,6,7,14,21,25,34,4
3615,22/08/2023,2,6,10,23,24,29,5
3614,19/08/2023,11,12,14,15,16,27,1
3613,15/08/2023,2,16,17,29,32,35,6
3612,12/08/2023,6,18,23,25,27,35,1
3611,10/08/2023,7,17,25,27,29,36,4
3610,08/08/2023,3,9,12,21,26,30,1
3609,05/08/2023,15,18,22,24,31,33,1
3608,01/08/2023,3,12,13,14,23,37,4
3607,29/07/2023,2,8,9,13,28,31,6
3606,25/07/2023,5,10,11,23,35,37,7
3605,22/07/2023,2,4,18,22,29,30,2
3604,18/07/2023,7,8,11,17,18,34,3
3603,15/07/2023,10,11,27,28,30,31,1
3602,13/07/2023,7,9,17,29,30,33,7
3601,11/07/2023,7,12,13,27,34,36,4
3600,08/07/2023,7,11,12,21,36,37,5
3599,04/07/2023,1,16,17,20,21,27,2
3598,01/07/2023,8,9,19,24,29,34,1
3597,27/06/2023,7,8,9,19,21,33,4
3596,24/06/2023,1,13,14,23,29,33,1
3595,22/06/2023,8,14,18,21,28,30,3
3594,20/06/2023,5,6,8,13,25,27,4
3593,17/06/2023,9,11,18,24,25,27,6
3592,13/06/2023,1,4,16,26,29,35,2
3591,10/06/2023,4,13,19,22,26,31,4
3590,06/06/2023,4,9,13,14,15,37,3
3589,03/06/2023,9,16,19,23,24,35,4
3588,01/06/2023,9,20,21,24,27,31,2
3587,30/05/2023,4,5,12,22,27,29,5
3586,27/05/2023,1,3,5,19,31,36,1
3585,23/05/2023,15,16,24,25,26,32,2
3584,20/05/2023,4,7,15,30,31,35,2
3583,16/05/2023,2,7,8,9,10,25,6
3582,13/05/2023,11,13,16,20,29,37,3
3581,11/05/2023,2,3,14,31,35,37,4
3580,09/05/2023,7,12,16,26,28,30,5
3579,06/05/2023,2,3,9,10,16,20,6
3578,02/05/2023,4,10,14,29,33,35,2
3577,29/04/2023,1,8,11,25,31,33,7
3576,27/04/2023,4,10,11,26,29,37,2
3575,22/04/2023,5,12,14,23,25,29,4
3574,18/04/2023,2,5,9,11,26,29,7
3573,15/04/2023,2,4,12,22,27,36,3
3572,13/04/2023,1,3,4,19,20,34,5
3571,08/04/2023,3,10,20,31,32,36,4
3570,04/04/2023,2,5,9,10,14,35,5
3569,01/04/2023,8,11,22,25,30,32,5
3568,28/03/2023,8,12,14,25,29,32,1
3567,25/03/2023,3,12,13,16,17,25,6
3566,23/03/2023,5,11,22,23,31,36,5
3565,21/03/2023,5,14,18,21,32,34,5
3564,18/03/2023,14,15,19,23,24,30,1
3563,14/03/2023,1,5,10,12,20,32,5
3562,11/03/2023,3,9,15,19,21,23,7
3561,07/03/2023,9,11,12,19,21,30,6
3560,04/03/2023,4,5,15,17,25,31,5
3559,28/02/2023,3,7,12,13,23,35,6
3558,25/02/2023,10,22,24,27,29,34,7
3557,21/02/2023,3,7,11,21,35,36,2
3556,18/02/2023,7,10,11,22,31,32,6
3555,14/02/2023,2,10,12,19,23,34,5
3554,11/02/2023,12,27,29,30,33,34,4
3553,07/02/2023,5,6,10,17,24,27,2
3552,04/02/2023,5,6,12,14,34,35,7
3551,31/01/2023,1,11,23,25,32,33,1
3550,28/01/2023,1,12,18,28,29,33,1
3549,24/01/2023,3,16,20,28,34,36,3
3548,21/01/2023,6,7,9,18,21,31,7
3547,17/01/2023,1,5,9,12,18,36,6
3546,14/01/2023,4,5,9,18,19,35,2
3545,10/01/2023,1,26,28,31,34,36,3
3544,07/01/2023,10,14,17,20,31,36,5
3543,03/01/2023,2,6,29,30,31,32,2
3542,31/12/2022,4,8,17,20,24,32,3
3541,27/12/2022,6,7,14,27,31,32,6
3540,24/12/2022,6,17,24,25,30,34,7
3539,20/12/2022,6,8,13,20,34,35,6
3538,17/12/2022,6,11,15,16,17,22,7
3537,15/12/2022,6,14,20,28,33,34,7
3536,13/12/2022,7,11,30,31,33,35,6
3535,10/12/2022,13,22,25,26,33,37,3
3534,06/12/2022,3,6,14,19,34,35,3
3533,03/12/2022,4,16,26,29,35,37,6
3532,01/12/2022,5,18,19,23,24,35,2
3531,29/11/2022,4,5,6,25,26,28,7
3530,26/11/2022,2,5,9,12,15,16,4
3529,22/11/2022,11,17,25,26,27,32,4
3528,19/11/2022,10,13,16,29,30,35,4
3527,17/11/2022,3,12,13,16,29,34,1
3526,15/11/2022,4,9,10,15,26,27,2
3525,12/11/2022,4,9,17,25,33,37,6
3524,08/11/2022,4,5,6,31,33,36,7
3523,05/11/2022,6,9,22,25,31,34,4
3522,01/11/2022,2,3,4,5,11,15,3
3521,29/10/2022,2,5,15,24,32,33,3
3520,27/10/2022,12,13,22,25,28,36,2
3519,25/10/2022,5,7,10,16,31,32,4
3518,22/10/2022,5,11,13,19,32,37,5
3517,18/10/2022,5,7,13,17,25,32,4
3516,15/10/2022,3,15,17,21,26,29,6
3515,11/10/2022,5,16,18,26,29,35,4
3514,08/10/2022,2,12,14,15,33,37,3
3513,06/10/2022,5,6,11,18,19,35,2
3512,01/10/2022,9,17,20,21,30,33,7
3511,29/09/2022,6,21,24,27,28,37,6
3510,24/09/2022,4,10,11,13,20,32,1
3509,20/09/2022,1,15,17,29,33,34,2
3508,17/09/2022,9,11,14,20,31,33,1
3507,15/09/2022,6,7,15,19,27,33,7
3506,13/09/2022,2,7,10,13,25,34,6
3505,10/09/2022,2,7,14,17,19,28,4
3504,06/09/2022,3,20,23,25,32,35,5
3503,03/09/2022,1,9,13,20,22,36,5
3502,30/08/2022,9,12,17,18,20,36,7
3501,27/08/2022,9,16,22,27,30,34,6
3500,23/08/2022,2,6,14,17,25,33,3
3499,20/08/2022,8,13,16,19,23,36,1
3498,16/08/2022,1,11,15,19,21,32,2
3497,13/08/2022,14,18,21,27,28,34,3
3496,09/08/2022,6,9,12,14,25,29,7
3495,07/08/2022,8,19,25,30,31,36,2
3494,02/08/2022,6,8,9,20,23,28,7
3493,30/07/2022,7,13,24,26,35,37,7
3492,28/07/2022,2,15,17,27,34,37,1
3491,26/07/2022,11,12,13,16,34,36,6
3490,23/07/2022,7,13,19,21,25,37,6
3489,19/07/2022,4,8,9,10,15,24,7
3488,16/07/2022,1,7,8,11,12,25,2
3487,14/07/2022,6,12,15,19,26,27,4
3486,12/07/2022,9,14,15,23,27,33,2
3485,09/07/2022,1,12,15,19,27,31,4
3484,05/07/2022,1,15,16,31,32,33,2
3483,02/07/2022,2,4,12,14,26,37,4
3482,28/06/2022,1,4,7,21,22,36,6
3481,25/06/2022,12,17,26,28,32,35,1
3480,21/06/2022,4,6,7,12,17,27,7
3479,18/06/2022,1,4,9,12,30,31,3
3478,16/06/2022,1,7,10,13,29,36,2
3477,14/06/2022,3,5,6,10,15,36,3
3476,11/06/2022,7,8,20,31,36,37,4
3475,07/06/2022,3,6,13,23,25,29,5
3474,02/06/2022,11,24,25,27,29,32,3
3473,31/05/2022,2,5,10,19,27,36,1
3472,28/05/2022,1,2,8,19,31,33,7
3471,24/05/2022,6,10,13,20,23,35,7
3470,21/05/2022,3,4,5,15,24,33,6
3469,19/05/2022,1,8,18,25,29,30,1
3468,17/05/2022,1,4,5,24,31,32,6
3467,14/05/2022,9,16,17,21,26,29,6
3466,10/05/2022,17,19,21,23,25,34,7
3465,07/05/2022,3,13,21,24,27,35,2
3464,02/05/2022,1,14,15,17,28,37,1
3463,30/04/2022,8,9,10,18,29,32,2
3462,26/04/2022,7,10,11,19,22,29,6
3461,24/04/2022,10,13,17,22,29,35,3
3460,19/04/2022,2,3,5,8,14,19,7
3459,16/04/2022,6,7,14,19,20,23,6
3458,12/04/2022,9,15,17,23,26,29,3
3457,09/04/2022,2,12,19,29,30,33,1
3456,07/04/2022,15,20,27,29,36,37,7
3455,05/04/2022,7,14,15,20,27,36,5
3454,02/04/2022,1,3,9,26,29,34,1
3453,29/03/2022,1,3,5,11,25,31,1
3452,26/03/2022,1,11,12,13,18,36,2
3451,22/03/2022,2,16,26,27,33,35,7
3450,19/03/2022,9,10,18,19,29,35,7
3449,17/03/2022,8,18,21,23,33,36,1
3448,15/03/2022,3,9,16,27,34,37,7
3447,12/03/2022,1,4,16,21,22,35,7
3446,08/03/2022,1,2,4,8,18,21,5
3445,05/03/2022,10,12,19,23,27,30,3
3444,01/03/2022,7,16,20,30,32,33,5
3443,26/02/2022,1,22,27,30,31,37,3
3442,22/02/2022,14,22,25,28,33,34,6
3441,19/02/2022,9,12,15,25,29,30,5
3440,15/02/2022,4,8,11,12,15,25,2
3439,12/02/2022,2,5,12,15,16,34,4
3438,10/02/2022,3,9,10,16,27,31,5
3437,08/02/2022,2,15,17,18,31,33,1
3436,05/02/2022,6,7,16,30,32,36,3
3435,01/02/2022,2,6,9,11,33,37,1
3434,29/01/2022,3,5,7,23,26,36,1
3433,25/01/2022,3,24,26,27,32,37,5
3432,22/01/2022,8,16,18,19,35,36,6
3431,18/01/2022,8,17,21,27,33,34,3
3430,15/01/2022,7,12,17,19,36,37,3
3429,13/01/2022,1,5,10,11,23,34,5
3428,11/01/2022,8,9,30,31,33,36,4
3427,08/01/2022,7,10,12,15,18,34,3
3426,04/01/2022,1,6,9,12,28,29,7
3425,01/01/2022,4,8,9,28,33,37,2
3424,28/12/2021,6,8,14,15,23,36,1
3423,25/12/2021,16,20,21,23,34,36,7
3422,21/12/2021,4,24,28,30,32,34,1
3421,18/12/2021,1,5,10,13,30,33,1
3420,16/12/2021,6,13,15,20,29,31,5
3419,14/12/2021,6,8,10,12,25,34,4
3418,11/12/2021,12,15,17,20,21,23,1
3417,07/12/2021,5,11,13,18,32,37,1
3416,04/12/2021,15,20,23,26,28,37,3
3415,02/12/2021,3,15,19,26,27,31,6
3414,30/11/2021,3,4,19,27,32,33,5
3413,27/11/2021,8,17,22,24,28,33,1
3412,23/11/2021,8,15,16,23,27,33,2
3411,20/11/2021,13,18,20,23,26,36,1
3410,18/11/2021,4,9,20,23,32,37,2
3409,16/11/2021,7,9,17,20,22,26,4
3408,13/11/2021,2,9,13,31,34,37,2
3407,09/11/2021,6,9,19,21,28,36,7
3406,06/11/2021,7,8,21,24,26,30,5
3405,04/11/2021,1,4,15,26,33,37,5
3404,02/11/2021,2,6,10,12,24,31,1
3403,30/10/2021,1,2,17,19,36,37,4
3402,26/10/2021,14,17,27,29,33,35,3
3401,23/10/2021,7,16,17,22,26,29,5
3400,19/10/2021,7,12,24,28,32,34,5
3399,16/10/2021,5,10,14,20,23,28,4
3398,14/10/2021,8,16,17,20,29,30,5
3397,12/10/2021,7,11,22,28,31,32,3
3396,09/10/2021,7,20,24,26,33,36,4
3395,05/10/2021,4,10,11,14,15,33,3
3394,02/10/2021,10,12,13,17,30,31,7
3393,29/09/2021,3,5,8,9,19,36,2
3392,25/09/2021,11,14,16,30,32,35,2
3391,22/09/2021,4,6,12,20,31,36,6
3390,18/09/2021,8,26,28,29,33,35,6
3389,14/09/2021,4,8,24,25,30,31,7
3388,11/09/2021,15,19,21,30,32,35,5
3387,09/09/2021,1,3,9,23,25,27,1
3386,04/09/2021,2,6,12,13,26,37,3
3385,02/09/2021,1,2,11,16,28,37,4
3384,31/08/2021,6,11,15,20,36,37,4
3383,28/08/2021,4,5,8,17,26,36,7
3382,24/08/2021,15,18,21,28,31,33,2
3381,21/08/2021,6,21,25,26,30,35,5
3380,17/08/2021,4,11,25,26,28,37,7
3379,14/08/2021,2,12,13,23,25,30,7
3378,10/08/2021,3,9,10,17,24,32,3
3377,07/08/2021,13,17,18,23,25,27,3
3376,05/08/2021,2,4,10,11,18,35,6
3375,03/08/2021,1,11,21,23,27,36,1
3374,31/07/2021,16,24,28,34,35,36,1
3373,27/07/2021,15,18,23,25,29,37,3
3372,24/07/2021,10,16,19,23,24,28,6
3371,22/07/2021,4,12,20,30,35,37,7
3370,20/07/2021,2,11,13,27,28,31,1
3369,18/07/2021,11,13,14,17,21,23,1
3368,13/07/2021,8,9,23,24,28,33,3
3367,10/07/2021,2,8,15,16,23,33,4
3366,06/07/2021,8,11,14,16,18,29,5
3365,03/07/2021,2,10,13,16,32,37,6
3364,01/07/2021,2,13,19,20,22,25,6
3363,29/06/2021,7,12,13,21,28,35,6
3362,26/06/2021,3,4,9,19,22,26,1
3361,22/06/2021,3,6,8,13,18,27,5
3360,19/06/2021,12,18,20,26,29,37,6
3359,17/06/2021,1,2,8,19,28,30,4
3358,15/06/2021,3,16,22,25,26,37,5
3357,12/06/2021,2,10,19,32,33,37,6
3356,08/06/2021,2,5,22,26,30,33,4
3355,05/06/2021,7,9,10,21,24,33,2
3354,03/06/2021,8,14,15,20,32,33,6
3353,01/06/2021,4,6,13,14,16,31,5
3352,29/05/2021,9,11,15,21,23,24,2
3351,25/05/2021,4,9,13,14,25,34,4
3350,22/05/2021,1,5,10,21,22,33,7
3349,18/05/2021,1,13,14,17,19,20,4
3348,15/05/2021,1,5,9,24,36,37,1
3347,11/05/2021,4,6,14,20,28,31,6
3346,08/05/2021,10,11,12,20,26,35,3
3345,06/05/2021,4,8,13,17,28,29,4
3344,04/05/2021,11,22,23,25,32,34,6
3343,01/05/2021,2,5,11,18,24,25,5
3342,27/04/2021,2,15,19,33,34,36,7
3341,24/04/2021,1,2,13,14,22,36,7
3340,22/04/2021,3,5,13,23,24,35,1
3339,20/04/2021,1,3,4,13,20,37,5
3338,17/04/2021,2,6,10,11,16,35,6
3337,12/04/2021,2,5,6,7,15,30,7
3336,10/04/2021,2,7,8,10,30,31,1
3335,06/04/2021,5,13,15,21,22,33,7
3334,03/04/2021,3,5,7,9,19,27,5
3333,30/03/2021,1,7,16,23,28,34,5
3332,25/03/2021,1,5,25,27,28,31,4
3331,23/03/2021,8,16,22,26,28,34,7
3330,20/03/2021,11,12,18,33,35,36,5
3329,16/03/2021,4,5,14,17,24,32,5
3328,13/03/2021,1,6,12,14,18,34,3
3327,09/03/2021,1,5,24,25,29,35,3
3326,06/03/2021,7,13,15,22,29,34,1
3325,04/03/2021,7,20,24,26,27,37,4
3324,02/03/2021,8,15,19,23,27,37,7
3323,28/02/2021,14,16,22,23,29,30,6
3322,23/02/2021,4,12,13,15,16,24,2
3321,20/02/2021,8,10,15,20,23,32,7
3320,16/02/2021,5,9,18,21,30,33,7
3319,13/02/2021,5,22,26,31,33,36,5
3318,09/02/2021,3,7,12,13,20,31,7
3317,06/02/2021,3,16,18,20,30,36,3
3316,02/02/2021,6,21,28,30,32,35,1
3315,30/01/2021,14,17,19,20,28,29,3
3314,26/01/2021,2,4,17,31,33,35,3
3313,23/01/2021,3,7,12,16,23,37,6
3312,19/01/2021,6,14,17,22,24,33,1
3311,16/01/2021,1,9,17,22,33,36,1
3310,12/01/2021,2,9,11,13,35,37,2
3309,09/01/2021,12,24,25,28,34,37,3
3308,05/01/2021,5,12,14,16,17,24,2
3307,02/01/2021,6,19,20,25,27,32,3
3306,29/12/2020,12,13,16,21,25,33,3
3305,26/12/2020,1,10,17,20,35,36,7
3304,22/12/2020,1,5,12,27,32,36,1
3303,19/12/2020,3,9,11,22,26,34,5
3302,15/12/2020,3,8,9,16,20,21,5
3301,12/12/2020,3,5,19,20,31,37,7
3300,08/12/2020,8,10,16,18,23,30,7
3299,05/12/2020,1,15,21,25,33,37,3
3298,03/12/2020,9,16,19,23,26,33,7
3297,01/12/2020,3,4,12,16,22,31,3
3296,28/11/2020,5,8,9,11,18,22,1
3295,24/11/2020,1,5,22,27,28,29,5
3294,21/11/2020,2,13,21,22,23,25,1
3293,19/11/2020,4,17,25,27,34,37,3
3292,17/11/2020,2,20,24,25,32,34,3
3291,14/11/2020,9,19,22,24,29,34,7
3290,10/11/2020,5,6,12,18,23,31,2
3289,07/11/2020,5,10,14,23,26,35,2
3288,03/11/2020,1,17,23,24,32,37,1
3287,31/10/2020,5,11,14,24,30,36,7
3286,27/10/2020,3,17,19,22,23,28,3
3285,24/10/2020,20,22,31,32,36,37,3
3284,20/10/2020,2,8,15,22,24,35,3
3283,17/09/2020,5,10,12,14,24,29,5
3282,15/09/2020,1,8,14,19,29,37,6
3281,12/09/2020,2,5,12,17,23,32,4
3280,08/09/2020,5,6,13,16,20,28,3
3279,05/09/2020,6,19,23,28,33,34,3
3278,03/09/2020,4,6,24,26,35,36,1
3277,01/09/2020,4,5,8,13,17,28,5
3276,29/08/2020,3,6,14,22,32,37,1
3275,25/08/2020,2,12,19,20,21,36,5
3274,22/08/2020,11,12,29,31,34,35,7
3273,20/08/2020,2,6,7,19,24,28,1
3272,18/08/2020,6,20,21,24,30,31,3
3271,15/08/2020,1,12,14,17,24,28,1
3270,11/08/2020,15,18,21,24,28,34,2
3269,08/08/2020,5,9,14,27,29,34,2
3268,06/08/2020,10,20,24,26,28,35,6
3267,04/08/2020,4,17,20,21,33,34,6
3266,01/08/2020,4,6,7,15,16,34,6
3265,28/07/2020,1,3,11,13,25,34,3
3264,25/07/2020,12,13,17,21,23,25,6
3263,21/07/2020,3,6,10,12,30,36,5
3262,18/07/2020,4,9,12,30,31,33,5
3261,14/07/2020,6,20,22,30,32,33,5
3260,11/07/2020,10,12,18,28,34,37,4
3259,07/07/2020,1,7,9,21,31,36,4
3258,04/07/2020,1,4,8,27,28,33,7
3257,02/07/2020,10,12,13,24,25,31,7
3256,30/06/2020,22,24,26,27,28,29,2
3255,27/06/2020,1,6,13,21,25,28,1
3254,23/06/2020,1,3,18,19,25,30,1
3253,20/06/2020,3,5,10,11,18,23,2
3252,18/06/2020,5,6,8,18,20,30,5
3251,16/06/2020,18,19,28,30,32,35,3
3250,13/06/2020,5,12,15,22,24,31,5
3249,09/06/2020,13,14,21,24,27,30,3
3248,06/06/2020,7,8,18,23,25,37,6
3247,04/06/2020,5,15,26,28,32,37,3
3246,02/06/2020,2,13,22,23,25,30,6
3245,30/05/2020,1,13,25,27,33,37,5
3244,26/05/2020,9,16,22,26,30,36,6
3243,23/05/2020,5,8,10,12,14,22,4
3242,19/05/2020,20,21,23,26,29,33,5
3241,16/05/2020,10,11,14,19,24,35,6
3240,12/05/2020,2,7,12,20,21,29,3
3239,09/05/2020,8,9,13,24,26,34,1
3238,07/05/2020,5,7,10,13,20,29,3
3237,05/05/2020,1,2,6,8,20,37,1
3236,02/05/2020,1,13,16,32,33,37,2
3235,25/04/2020,15,16,18,20,28,37,4
3234,17/03/2020,3,7,9,23,25,33,5
3233,14/03/2020,11,13,17,18,32,35,7
3232,10/03/2020,11,19,23,27,30,36,1
3231,07/03/2020,14,19,21,22,23,32,5
3230,05/03/2020,4,10,15,18,26,32,6
3229,03/03/2020,2,4,20,23,25,35,5
3228,29/02/2020,7,21,25,27,30,31,6
3227,25/02/2020,6,16,18,28,33,37,2
3226,22/02/2020,1,15,22,23,29,33,3
3225,18/02/2020,7,8,15,20,27,29,4
3224,15/02/2020,4,8,10,14,21,35,2
3223,11/02/2020,5,6,12,16,25,33,1
3222,08/02/2020,1,19,20,32,34,35,4
3221,06/02/2020,5,9,13,14,17,33,2
3220,04/02/2020,9,21,25,27,32,34,4
3219,01/02/2020,8,12,26,28,32,33,3
3218,28/01/2020,12,14,16,17,31,36,5
3217,25/01/2020,3,4,17,22,27,34,7
3216,21/01/2020,1,4,6,30,35,36,4
3215,18/01/2020,5,9,12,28,30,36,1
3214,16/01/2020,8,21,23,24,36,37,2
3213,14/01/2020,6,16,23,25,27,30,6
3212,11/01/2020,7,14,16,31,32,35,3
3211,07/01/2020,2,6,9,27,35,37,7
3210,04/01/2020,1,7,12,18,31,33,3
3209,31/12/2019,1,5,8,15,17,31,2
3208,28/12/2019,2,17,18,29,31,32,2
3207,24/12/2019,2,11,16,21,22,31,7
3206,21/12/2019,1,6,7,16,26,36,1
3205,19/12/2019,4,13,15,22,30,37,2
3204,17/12/2019,2,5,12,14,29,33,3
3203,14/12/2019,2,3,5,9,24,32,6
3202,10/12/2019,6,15,28,31,34,35,2
3201,07/12/2019,2,15,20,26,27,30,7
3200,05/12/2019,8,9,10,17,30,34,4
3199,03/12/2019,9,10,16,20,32,34,3
3198,30/11/2019,6,17,20,25,33,36,3
3197,26/11/2019,2,5,8,22,24,29,5
3196,23/11/2019,6,7,14,19,20,28,1
3195,21/11/2019,4,7,9,14,20,22,4
3194,19/11/2019,2,10,15,17,18,24,1
3193,16/11/2019,3,8,31,32,34,35,5
3192,12/11/2019,2,6,14,19,27,29,3
3191,09/11/2019,10,16,19,30,34,37,4
3190,07/11/2019,1,19,21,26,30,33,3
3189,05/11/2019,9,11,14,19,23,33,2
3188,02/11/2019,1,11,27,29,33,37,6
3187,29/10/2019,3,13,20,26,29,35,1
3186,26/10/2019,1,15,19,23,28,32,3
3185,22/10/2019,5,14,15,19,20,31,3
3184,19/10/2019,4,5,10,16,17,18,3
3183,15/10/2019,3,4,6,8,14,35,1
3182,12/10/2019,1,5,12,22,34,37,6
3181,10/10/2019,8,14,16,26,32,35,2
3180,05/10/2019,6,8,12,13,32,35,4
3179,02/10/2019,1,22,32,33,35,37,4
3178,28/09/2019,3,19,25,30,33,34,6
3177,24/09/2019,5,6,7,14,26,37,4
3176,21/09/2019,2,11,22,32,35,37,3
3175,17/09/2019,2,8,16,19,29,33,7
3174,14/09/2019,7,16,17,27,32,37,6
3173,10/09/2019,3,12,13,17,18,36,5
3172,07/09/2019,6,10,29,32,33,34,3
3171,05/09/2019,1,7,10,24,28,37,7
3170,03/09/2019,1,4,6,17,20,34,1
3169,31/08/2019,1,3,18,21,23,36,3
3168,27/08/2019,2,6,9,12,16,18,2
3167,24/08/2019,4,5,6,9,20,37,6
3166,20/08/2019,9,16,21,25,27,36,5
3165,17/08/2019,11,13,17,24,34,36,1
3164,13/08/2019,1,13,15,27,31,35,4
3163,11/08/2019,11,17,25,33,35,36,3
3162,08/08/2019,6,10,22,25,30,37,1
3161,06/08/2019,1,14,25,29,30,33,3
3160,03/08/2019,11,19,20,27,30,37,5
3159,30/07/2019,6,10,11,24,32,36,4
3158,27/07/2019,4,13,17,28,35,37,3
3157,23/07/2019,1,10,28,31,32,35,6
3156,20/07/2019,14,17,25,26,29,35,7
3155,16/07/2019,3,4,7,18,22,23,2
3154,13/07/2019,13,15,16,28,31,32,6
3153,09/07/2019,1,10,12,14,27,29,2
3152,06/07/2019,4,18,19,23,24,37,5
3151,04/07/2019,8,18,26,29,31,36,4
3150,02/07/2019,1,28,29,30,32,34,5
3149,29/06/2019,10,11,14,24,27,35,3
3148,25/06/2019,17,22,26,28,34,36,5
3147,22/06/2019,3,10,11,17,24,36,7
3146,20/06/2019,4,11,16,25,35,36,6
3145,18/06/2019,1,9,13,19,20,34,5
3144,15/06/2019,4,7,8,9,16,31,1
3143,11/06/2019,4,13,17,19,25,37,1
3142,09/06/2019,3,13,14,20,22,23,3
3141,06/06/2019,10,12,15,19,27,28,3
3140,04/06/2019,1,6,19,22,25,32,5
3139,01/06/2019,4,5,19,24,31,37,6
3138,28/05/2019,1,4,11,14,17,22,2
3137,25/05/2019,3,10,16,25,29,32,1
3136,21/05/2019,17,20,22,24,28,32,7
3135,18/05/2019,3,27,29,31,32,33,3
3134,16/05/2019,1,8,13,21,25,31,5
3133,14/05/2019,1,12,16,20,30,36,6
3132,11/05/2019,6,18,19,23,24,28,4
3131,06/05/2019,7,8,11,14,16,22,5
3130,04/05/2019,9,10,11,13,15,21,3
3129,30/04/2019,1,12,17,21,25,26,2
3128,28/04/2019,8,19,26,30,31,36,2
3127,23/04/2019,2,8,15,27,31,35,4
3126,20/04/2019,1,8,15,22,31,35,4
3125,16/04/2019,12,13,15,17,25,31,2
3124,13/04/2019,10,13,14,19,20,25,6
3123,09/04/2019,1,3,6,9,14,28,1
3122,06/04/2019,3,4,5,18,23,29,4
3121,04/04/2019,4,5,19,25,31,32,3
3120,02/04/2019,1,11,17,21,33,34,1
3119,30/03/2019,4,6,10,18,22,25,6
3118,26/03/2019,1,15,20,22,23,31,4
3117,23/03/2019,3,5,7,18,23,27,7
3116,19/03/2019,3,22,24,25,28,37,6
3115,16/03/2019,7,11,12,25,28,31,6
3114,12/03/2019,6,20,25,30,33,35,1
3113,09/03/2019,12,14,15,18,20,21,5
3112,07/03/2019,11,14,19,20,21,26,2
3111,05/03/2019,2,21,25,27,28,36,6
3110,02/03/2019,20,25,28,34,36,37,6
3109,26/02/2019,5,6,12,16,29,34,5
3108,23/02/2019,12,15,21,24,30,32,7
3107,19/02/2019,3,9,23,24,25,26,2
3106,16/02/2019,3,9,11,13,21,25,7
3105,12/02/2019,10,11,17,21,23,32,7
3104,09/02/2019,3,7,9,21,22,33,7
3103,07/02/2019,4,13,18,22,28,34,3
3102,05/02/2019,1,6,12,17,22,26,6
3101,02/02/2019,11,18,19,25,35,37,5
3100,29/01/2019,1,13,20,25,31,33,2
3099,26/01/2019,11,12,26,34,36,37,2
3098,22/01/2019,3,10,13,17,33,37,2
3097,19/01/2019,4,9,17,26,27,37,2
3096,15/01/2019,6,7,17,28,33,36,7
3095,12/01/2019,8,15,20,24,25,33,4
3094,08/01/2019,5,8,14,15,18,25,3
3093,05/01/2019,6,9,13,20,26,36,7
3092,03/01/2019,8,14,20,23,24,28,4
3091,01/01/2019,7,13,15,16,20,31,7
3090,29/12/2018,3,7,11,17,19,31,6
3089,27/12/2018,12,13,19,21,35,36,6
3088,25/12/2018,6,9,10,11,18,29,5
3087,22/12/2018,16,17,19,29,34,37,4
3086,18/12/2018,3,16,19,22,25,26,2
3085,15/12/2018,1,3,4,13,23,28,5
3084,13/12/2018,1,10,18,25,31,36,6
3083,11/12/2018,15,21,23,27,36,37,3
3082,08/12/2018,8,11,13,18,25,31,6
3081,04/12/2018,1,3,7,9,15,22,2
3080,01/12/2018,7,8,25,31,32,35,7
3079,27/11/2018,3,5,8,18,19,29,2
3078,24/11/2018,2,12,14,18,22,25,7
3077,20/11/2018,3,5,16,18,21,26,2
3076,17/11/2018,6,16,23,24,30,33,1
3075,13/11/2018,9,20,25,27,34,37,2
3074,10/11/2018,16,18,20,22,24,25,4
3073,06/11/2018,8,9,13,14,27,29,5
3072,03/11/2018,2,7,9,19,24,25,7
3071,01/11/2018,4,8,13,20,27,29,6
3070,30/10/2018,6,7,11,17,22,29,6
3069,27/10/2018,11,17,19,25,27,28,2
3068,23/10/2018,4,16,23,29,35,36,4
3067,20/10/2018,7,20,21,25,35,37,3
3066,16/10/2018,8,13,14,27,30,37,6
3065,13/10/2018,1,5,15,17,23,37,5
3064,09/10/2018,6,16,21,27,28,29,1
3063,06/10/2018,1,3,13,17,21,32,1
3062,04/10/2018,7,14,18,27,34,37,7
3061,02/10/2018,4,12,21,24,35,37,7
3060,29/09/2018,1,8,15,16,20,31,6
3059,25/09/2018,6,13,22,25,29,37,5
3058,22/09/2018,7,11,18,20,21,22,1
3057,17/09/2018,2,12,16,17,28,36,4
3056,15/09/2018,4,8,13,18,21,32,7
3055,12/09/2018,7,8,11,20,30,37,7
3054,08/09/2018,4,6,20,23,28,34,2
3053,06/09/2018,1,4,7,8,12,16,1
3052,04/09/2018,7,9,12,16,27,33,4
3051,01/09/2018,9,18,24,28,30,36,7
3050,28/08/2018,1,4,27,34,36,37,7
3049,25/08/2018,10,13,18,26,31,33,4
3048,21/08/2018,1,5,11,12,22,27,2
3047,18/08/2018,1,3,18,20,23,37,4
3046,14/08/2018,7,13,16,18,19,28,5
3045,11/08/2018,4,5,8,25,26,33,7
3044,07/08/2018,2,6,17,22,30,33,5
3043,04/08/2018,9,16,22,23,25,28,3
3042,02/08/2018,2,9,11,16,23,35,1
3041,31/07/2018,2,14,25,26,32,33,4
3040,28/07/2018,6,9,26,29,36,37,1
3039,24/07/2018,2,9,15,26,29,35,5
3038,22/07/2018,3,11,13,25,28,35,1
3037,17/07/2018,13,19,21,27,29,32,3
3036,14/07/2018,11,22,27,32,34,36,3
3035,10/07/2018,2,7,8,9,10,15,2
3034,07/07/2018,8,11,22,29,30,32,1
3033,05/07/2018,7,13,15,19,28,36,6
3032,03/07/2018,5,7,11,12,28,34,5
3031,30/06/2018,2,9,11,13,19,28,3
3030,26/06/2018,1,3,29,30,32,37,3
3029,23/06/2018,2,9,13,17,21,26,6
3028,21/06/2018,19,26,30,31,33,35,3
3027,19/06/2018,5,7,11,14,23,36,2
3026,16/06/2018,8,10,18,23,29,30,7
3025,12/06/2018,5,9,10,12,34,35,1
3024,09/06/2018,8,10,14,17,25,34,5
3023,07/06/2018,1,3,11,15,26,32,7
3022,05/06/2018,1,8,19,22,34,35,6
3021,02/06/2018,9,20,22,23,27,32,7
3020,29/05/2018,12,13,16,20,21,32,2
3019,26/05/2018,18,21,23,25,27,34,7
3018,22/05/2018,1,13,26,31,34,37,4
3017,20/05/2018,7,10,21,27,33,36,5
3016,15/05/2018,2,4,10,14,23,28,6
3015,12/05/2018,6,10,18,23,33,36,6
3014,10/05/2018,4,8,11,29,34,35,7
3013,08/05/2018,2,14,18,23,30,32,4
3012,05/05/2018,10,12,22,23,30,37,5
3011,01/05/2018,4,6,9,12,32,36,1
3010,28/04/2018,4,6,7,10,11,18,2
3009,26/04/2018,5,11,16,18,23,26,1
3008,24/04/2018,13,15,26,27,29,37,7
3007,21/04/2018,6,7,12,22,23,28,6
3006,16/04/2018,2,10,11,22,28,33,6
3005,14/04/2018,5,11,12,18,28,35,3
3004,10/04/2018,1,7,11,22,24,34,2
3003,08/04/2018,1,23,26,31,33,37,5
3002,03/04/2018,3,10,11,20,24,30,2
3001,31/03/2018,1,2,3,13,22,30,7
3000,27/03/2018,2,9,17,23,27,31,1
2999,24/03/2018,2,5,8,20,22,28,3
2998,20/03/2018,5,6,11,13,21,30,5
2997,17/03/2018,7,8,10,19,27,37,6
2996,13/03/2018,22,24,28,29,30,33,4
2995,10/03/2018,3,25,26,30,31,34,3
2994,08/03/2018,9,11,15,22,28,32,2
2993,06/03/2018,4,11,13,24,25,34,5
2992,03/03/2018,1,2,3,10,16,37,5
2991,27/02/2018,5,10,12,19,20,25,4
2990,24/02/2018,2,6,9,13,35,37,3
2989,20/02/2018,5,6,10,12,18,26,2
2988,17/02/2018,1,3,5,17,18,26,5
2987,13/02/2018,2,5,11,12,15,33,6
2986,10/02/2018,4,5,11,16,18,20,6
2985,06/02/2018,17,19,20,27,29,33,1
2984,03/02/2018,5,13,15,23,28,35,2
2983,01/02/2018,2,6,17,21,30,35,3
2982,30/01/2018,5,21,22,25,32,36,6
2981,27/01/2018,9,16,22,26,28,37,1
2980,23/01/2018,7,13,16,17,29,34,1
2979,20/01/2018,3,6,11,16,26,34,6
2978,16/01/2018,3,12,15,20,23,26,4
2977,13/01/2018,7,11,23,30,32,34,1
2976,09/01/2018,6,11,13,29,32,34,2
2975,06/01/2018,2,6,12,18,26,28,1
2974,04/01/2018,1,3,12,23,28,31,4
2973,02/01/2018,4,6,7,10,20,28,1
2972,30/12/2017,3,6,17,18,34,36,2
2971,28/12/2017,6,7,8,17,18,29,1
2970,26/12/2017,3,18,19,29,36,37,6
2969,23/12/2017,7,9,25,30,31,36,1
2968,19/12/2017,3,9,11,12,28,35,4
2967,16/12/2017,3,6,10,11,26,29,6
2966,12/12/2017,2,10,15,17,25,33,6
2965,09/12/2017,10,18,27,30,32,37,1
2964,07/12/2017,6,7,18,21,26,33,3
2963,05/12/2017,15,20,27,28,29,37,3
2962,02/12/2017,4,8,13,17,28,33,6
2961,28/11/2017,6,10,14,20,31,37,6
2960,25/11/2017,6,16,21,25,32,33,7
2959,21/11/2017,1,6,8,17,19,24,3
2958,18/11/2017,16,22,27,29,33,36,7
2957,14/11/2017,20,23,27,28,30,34,3
2956,11/11/2017,1,8,10,12,29,34,1
2955,07/11/2017,1,6,23,33,34,36,6
2954,04/11/2017,6,8,24,28,30,35,5
2953,02/11/2017,3,6,9,14,16,35,7
2952,31/10/2017,1,6,7,12,34,35,6
2951,28/10/2017,23,25,28,30,31,34,3
2950,24/10/2017,2,3,12,22,25,27,7
2949,21/10/2017,15,20,24,25,29,30,5
2948,19/10/2017,8,15,21,23,29,37,2
2947,17/10/2017,6,18,26,31,34,37,1
2946,14/10/2017,12,18,20,23,25,37,5
2945,10/10/2017,4,5,11,27,32,37,1
2944,07/10/2017,2,4,12,28,30,32,7
2943,03/10/2017,1,2,15,28,29,32,6
2942,01/10/2017,3,10,18,20,24,33,2
2941,26/09/2017,5,16,20,24,29,34,4
2940,24/09/2017,6,8,11,23,25,32,1
2939,19/09/2017,2,4,5,9,12,27,5
2938,16/09/2017,9,20,21,24,25,37,7
2937,12/09/2017,5,6,9,11,15,23,2
2936,09/09/2017,7,12,15,18,23,28,1
2935,07/09/2017,13,20,25,28,29,30,1
2934,05/09/2017,3,6,13,15,28,31,1
2933,02/09/2017,1,8,14,21,25,31,1
2932,29/08/2017,1,3,22,26,29,36,5
2931,26/08/2017,5,10,15,22,25,33,1
2930,24/08/2017,12,13,25,27,31,33,3
2929,22/08/2017,5,8,10,26,29,35,6
2928,19/08/2017,6,17,28,30,32,33,6
2927,15/08/2017,6,8,12,14,28,34,4
2926,12/08/2017,20,22,29,31,32,33,3
2925,08/08/2017,13,17,26,31,35,37,4
2924,05/08/2017,4,7,11,12,15,37,4
2923,03/08/2017,6,9,21,31,34,35,4
2922,01/08/2017,4,10,17,23,28,37,5
2921,29/07/2017,1,5,26,31,34,35,4
2920,25/07/2017,12,14,19,27,31,34,4
2919,22/07/2017,6,7,11,12,23,30,3
2918,18/07/2017,7,10,14,17,27,29,4
2917,15/07/2017,3,10,20,22,33,37,3
2916,11/07/2017,3,5,8,11,22,33,5
2915,08/07/2017,9,18,22,24,27,34,6
2914,06/07/2017,11,21,22,24,26,30,3
2913,04/07/2017,4,8,15,24,36,37,5
2912,01/07/2017,19,20,21,24,34,35,5
2911,27/06/2017,8,9,14,22,32,33,7
2910,24/06/2017,2,3,8,11,26,29,6
2909,20/06/2017,2,9,17,19,34,35,2
2908,17/06/2017,4,7,10,20,22,26,7
2907,15/06/2017,6,12,23,25,26,35,4
2906,13/06/2017,4,19,22,28,31,33,7
2905,10/06/2017,3,5,10,13,26,27,4
2904,06/06/2017,8,18,21,22,26,33,1
2903,03/06/2017,10,11,14,17,19,26,5
2902,31/05/2017,1,9,14,15,19,25,6
2901,27/05/2017,10,13,15,22,32,33,7
2900,23/05/2017,2,8,17,20,27,31,7
2899,20/05/2017,1,3,8,10,11,31,3
2898,16/05/2017,8,13,27,28,30,36,2
2897,13/05/2017,3,20,24,27,32,37,2
2896,11/05/2017,5,6,18,19,21,36,6
2895,09/05/2017,1,7,11,15,20,30,5
2894,06/05/2017,2,7,11,23,25,29,4
2893,03/05/2017,5,6,7,16,17,33,4
2892,29/04/2017,19,21,24,25,30,36,5
2891,25/04/2017,4,8,11,13,24,32,6
2890,22/04/2017,9,20,27,28,30,34,1
2889,18/04/2017,2,8,10,16,18,27,5
2888,15/04/2017,3,6,12,25,28,36,7
2887,12/04/2017,4,7,10,22,27,36,6
2886,08/04/2017,7,11,18,21,25,29,7
2885,06/04/2017,5,6,7,24,27,32,5
2884,04/04/2017,4,5,16,24,33,34,2
2883,01/04/2017,6,14,15,18,22,36,4
2882,28/03/2017,13,15,21,23,30,36,6
2881,25/03/2017,14,15,16,24,32,36,1
2880,23/03/2017,3,8,10,11,26,36,2
2879,21/03/2017,3,10,13,18,25,26,6
2878,18/03/2017,3,11,22,24,33,36,7
2877,14/03/2017,13,20,26,30,31,34,2
2876,11/03/2017,11,13,18,20,25,29,7
2875,07/03/2017,10,11,17,19,26,30,5
2874,04/03/2017,3,8,9,12,27,33,3
2873,28/02/2017,5,7,13,15,18,23,2
2872,25/02/2017,1,6,18,24,28,35,2
2871,21/02/2017,3,27,28,30,31,35,7
2870,18/02/2017,6,8,14,19,20,37,5
2869,14/02/2017,16,18,19,30,31,32,3
2868,11/02/2017,12,15,17,18,22,26,1
2867,07/02/2017,5,12,16,22,27,31,4
2866,04/02/2017,4,22,24,25,26,29,6
2865,31/01/2017,1,6,11,14,17,27,4
2864,28/01/2017,5,8,11,16,22,29,6
2863,24/01/2017,10,13,16,17,26,34,7
2862,21/01/2017,8,9,12,13,29,34,5
2861,17/01/2017,3,9,14,15,21,22,3
2860,14/01/2017,5,7,10,15,26,37,7
2859,10/01/2017,14,15,19,31,34,35,3
2858,07/01/2017,5,6,9,17,24,31,7
2857,03/01/2017,1,3,6,27,29,33,7
2856,31/12/2016,11,13,27,30,32,34,6
2855,27/12/2016,8,10,12,24,25,29,3
2854,24/12/2016,5,8,21,28,31,35,2
2853,20/12/2016,1,3,4,10,16,17,1
2852,17/12/2016,1,2,10,12,26,29,6
2851,13/12/2016,4,12,16,28,29,31,5
2850,10/12/2016,8,9,15,21,26,29,3
2849,06/12/2016,2,5,9,13,26,29,2
2848,03/12/2016,6,16,20,25,26,27,6
2847,29/11/2016,1,8,20,25,33,37,7
2846,26/11/2016,1,12,13,29,32,36,1
2845,22/11/2016,2,3,5,8,23,29,4
2844,19/11/2016,13,16,19,22,25,31,2
2843,15/11/2016,2,11,21,22,26,32,6
2842,12/11/2016,2,14,16,18,32,37,3
2841,08/11/2016,4,11,12,26,28,29,6
2840,05/11/2016,3,9,13,16,22,34,6
2839,01/11/2016,12,18,20,21,29,35,4
2838,29/10/2016,4,16,21,23,24,27,3
2837,25/10/2016,4,16,19,25,29,37,6
2836,22/10/2016,1,6,12,14,36,37,3
2835,18/10/2016,4,5,9,12,16,29,3
2834,15/10/2016,9,20,22,23,24,29,6
2833,10/10/2016,3,8,17,20,22,30,3
2832,08/10/2016,1,9,10,21,24,32,1
2831,05/10/2016,9,11,14,16,27,37,1
2830,01/10/2016,14,20,23,25,26,35,3
2829,27/09/2016,5,11,18,20,30,35,5
2828,24/09/2016,9,15,17,25,27,32,3
2827,20/09/2016,5,9,19,21,22,34,2
2826,17/09/2016,11,14,22,26,27,33,7
2825,13/09/2016,1,10,11,12,18,19,5
2824,10/09/2016,5,7,10,13,24,33,7
2823,06/09/2016,7,13,14,28,29,35,6
2822,03/09/2016,1,4,16,26,28,37,5
2821,30/08/2016,3,11,12,15,21,26,6
2820,27/08/2016,12,13,15,20,21,32,1
2819,23/08/2016,4,6,18,26,29,34,1
2818,20/08/2016,3,4,5,27,30,36,3
2817,16/08/2016,1,2,32,34,36,37,6
2816,14/08/2016,1,3,15,27,31,35,7
2815,09/08/2016,6,8,9,14,16,17,4
2814,06/08/2016,1,25,34,35,36,37,2
2813,02/08/2016,7,26,28,30,31,34,1
2812,30/07/2016,2,12,20,28,30,33,5
2811,26/07/2016,10,13,16,24,27,37,2
2810,23/07/2016,1,9,15,20,23,28,4
2809,19/07/2016,5,10,13,17,25,36,3
2808,16/07/2016,4,6,15,24,31,37,4
2807,12/07/2016,6,14,18,26,29,36,7
2806,09/07/2016,1,2,5,16,24,34,7
2805,05/07/2016,7,12,18,22,32,36,3
2804,02/07/2016,3,7,10,21,33,35,2
2803,28/06/2016,11,12,18,19,32,37,4
2802,25/06/2016,2,12,21,23,28,31,6
2801,21/06/2016,7,11,19,25,28,37,4
2800,18/06/2016,12,14,16,29,32,37,5
2799,14/06/2016,5,6,9,12,26,34,4
2798,12/06/2016,1,20,23,24,26,32,7
2797,07/06/2016,8,9,21,22,26,37,6
2796,04/06/2016,5,8,17,31,32,37,7
2795,31/05/2016,1,5,7,18,25,36,1
2794,28/05/2016,4,6,14,22,28,29,4
2793,24/05/2016,8,12,15,24,28,33,5
2792,21/05/2016,3,5,6,13,26,29,1
2791,17/05/2016,2,4,14,19,20,33,1
2790,14/05/2016,13,17,20,26,35,37,2
2789,10/05/2016,5,6,10,20,26,29,3
2788,07/05/2016,1,9,20,25,27,31,4
2787,03/05/2016,5,22,25,33,35,36,1
2786,01/05/2016,2,6,8,14,29,34,3
2785,26/04/2016,12,13,20,25,27,30,6
2784,23/04/2016,2,5,6,14,22,32,3
2783,19/04/2016,3,7,12,22,27,36,2
2782,16/04/2016,7,13,19,32,35,37,6
2781,12/04/2016,2,7,10,18,24,26,5
2780,09/04/2016,5,8,11,20,29,36,4
2779,05/04/2016,4,8,16,20,21,36,3
2778,02/04/2016,3,15,26,28,32,33,4
2777,29/03/2016,1,10,11,13,18,25,7
2776,26/03/2016,6,10,14,15,26,36,3
2775,22/03/2016,9,16,22,27,31,32,6
2774,19/03/2016,6,9,17,26,27,36,6
2773,15/03/2016,7,15,17,18,20,32,5
2772,12/03/2016,1,5,14,21,27,30,7
2771,08/03/2016,5,19,23,25,30,31,3
2770,05/03/2016,1,2,7,8,9,26,2
2769,01/03/2016,7,15,17,19,27,30,4
2768,27/02/2016,3,18,19,22,24,26,7
2767,23/02/2016,6,10,25,31,35,37,4
2766,20/02/2016,2,5,21,29,34,37,3
2765,16/02/2016,8,14,16,20,24,30,1
2764,13/02/2016,2,13,14,19,21,30,1
2763,09/02/2016,2,10,14,15,21,29,2
2762,06/02/2016,1,4,11,19,30,32,4
2761,02/02/2016,1,13,19,22,34,35,6
2760,30/01/2016,8,9,11,12,13,22,4
2759,26/01/2016,17,18,25,28,30,34,5
2758,23/01/2016,5,16,18,23,24,26,6
2757,19/01/2016,6,19,24,25,26,37,7
2756,16/01/2016,1,8,13,27,32,37,2
2755,12/01/2016,1,4,5,16,21,29,1
2754,09/01/2016,3,12,14,24,32,34,6
2753,05/01/2016,3,15,17,20,21,37,1
2752,02/01/2016,1,13,15,30,31,32,2
2751,29/12/2015,4,7,13,16,17,27,6
2750,26/12/2015,14,21,27,31,32,35,5
2749,22/12/2015,2,11,13,17,25,27,5
2748,19/12/2015,1,11,13,25,27,29,7
2747,15/12/2015,3,6,9,10,17,36,5
2746,12/12/2015,4,9,10,12,13,29,4
2745,08/12/2015,6,10,15,18,27,34,6
2744,05/12/2015,4,17,18,23,25,28,2
2743,01/12/2015,2,9,18,23,29,33,5
2742,28/11/2015,7,19,27,29,34,35,7
2741,24/11/2015,6,8,21,25,30,35,6
2740,21/11/2015,7,9,14,21,26,34,5
2739,17/11/2015,3,5,6,19,23,35,3
2738,14/11/2015,10,17,18,22,24,29,1
2737,10/11/2015,3,4,10,11,30,32,5
2736,07/11/2015,18,19,29,34,35,36,1
2735,03/11/2015,10,12,19,25,26,36,2
2734,31/10/2015,14,20,22,26,31,37,5
2733,27/10/2015,2,20,26,27,28,30,1
2732,24/10/2015,9,13,15,20,25,36,6
2731,20/10/2015,1,6,9,10,12,17,3
2730,17/10/2015,2,3,13,21,22,31,6
2729,13/10/2015,1,6,15,17,20,32,6
2728,10/10/2015,5,6,16,17,20,22,7
2727,06/10/2015,2,8,12,14,17,21,4
2726,03/10/2015,9,17,23,28,30,36,7
2725,29/09/2015,12,15,18,20,23,29,6
2724,26/09/2015,5,6,8,11,20,27,7
2723,21/09/2015,5,12,13,33,35,36,1
2722,19/09/2015,1,8,11,23,30,35,6
2721,16/09/2015,11,14,18,20,22,33,7
2720,12/09/2015,6,9,15,23,24,28,4
2719,08/09/2015,19,21,22,24,30,37,5
2718,05/09/2015,5,6,10,15,28,29,7
2717,01/09/2015,10,18,22,27,31,35,1
2716,29/08/2015,5,7,8,15,19,26,3
2715,25/08/2015,1,8,11,17,25,30,6
2714,22/08/2015,16,17,18,20,28,35,3
2713,18/08/2015,4,7,12,14,17,34,4
2712,15/08/2015,3,7,14,24,27,28,2
2711,11/08/2015,5,8,16,21,34,35,3
2710,08/08/2015,2,6,17,29,31,35,3
2709,04/08/2015,13,21,22,26,29,34,3
2708,01/08/2015,5,7,9,17,19,29,3
2707,28/07/2015,24,27,30,34,35,37,5
2706,26/07/2015,7,9,16,23,29,30,3
2705,21/07/2015,16,21,27,28,32,37,7
2704,18/07/2015,2,3,11,18,25,27,5
2703,14/07/2015,2,16,21,26,33,34,2
2702,11/07/2015,5,15,22,23,25,29,6
2701,07/07/2015,1,6,9,13,23,35,2
2700,04/07/2015,2,14,22,23,25,28,5
2699,30/06/2015,11,13,20,29,30,37,7
2698,27/06/2015,2,6,13,16,27,33,3
2697,23/06/2015,8,11,18,21,24,30,4
2696,20/06/2015,3,5,7,13,17,28,4
2695,16/06/2015,17,18,20,21,26,32,3
2694,13/06/2015,3,4,14,18,32,35,2
2693,09/06/2015,3,8,10,12,28,37,5
2692,06/06/2015,4,6,8,18,27,37,4
2691,02/06/2015,4,17,18,24,27,36,2
2690,30/05/2015,6,8,11,23,32,35,4
2689,26/05/2015,2,5,10,12,18,26,4
2688,24/05/2015,4,11,18,22,29,31,4
2687,19/05/2015,15,18,22,23,26,34,6
2686,16/05/2015,6,8,18,22,29,37,1
2685,12/05/2015,1,13,23,24,30,31,7
2684,09/05/2015,5,16,22,23,24,33,1
2683,05/05/2015,6,10,12,15,27,33,1
2682,02/05/2015,1,3,8,12,19,30,1
2681,28/04/2015,6,9,18,23,26,33,2
2680,25/04/2015,1,15,17,31,32,34,2
2679,21/04/2015,1,11,13,15,18,25,6
2678,18/04/2015,11,12,18,24,31,33,6
2677,14/04/2015,1,2,4,9,12,16,4
2676,12/04/2015,2,9,11,13,29,33,3
2675,07/04/2015,11,12,15,22,23,29,7
2674,04/04/2015,7,32,33,34,35,36,2
2673,31/03/2015,5,13,16,18,23,26,1
2672,28/03/2015,5,13,21,22,25,28,1
2671,24/03/2015,2,3,5,10,26,27,2
2670,21/03/2015,11,15,17,27,33,37,5
2669,17/03/2015,11,15,22,29,35,37,4
2668,14/03/2015,14,15,18,22,23,29,1
2667,10/03/2015,6,10,15,19,36,37,3
2666,07/03/2015,3,14,15,19,26,33,6
2665,03/03/2015,2,10,11,13,22,37,4
2664,28/02/2015,11,13,22,29,31,33,1
2663,24/02/2015,10,16,22,30,35,36,2
2662,21/02/2015,4,14,16,22,28,33,4
2661,17/02/2015,3,13,14,18,28,30,2
2660,14/02/2015,8,11,13,20,22,25,5
2659,10/02/2015,1,6,10,22,24,26,3
2658,07/02/2015,8,12,17,21,27,30,1
2657,03/02/2015,8,12,21,24,25,27,1
2656,31/01/2015,1,10,16,28,29,32,5
2655,27/01/2015,4,6,13,19,33,35,6
2654,24/01/2015,4,11,19,28,31,34,4
2653,20/01/2015,11,24,30,34,35,37,7
2652,17/01/2015,1,7,11,17,36,37,2
2651,13/01/2015,4,8,17,20,25,30,1
2650,10/01/2015,3,8,10,15,30,33,4
2649,06/01/2015,4,13,22,25,28,30,5
2648,03/01/2015,9,20,22,23,29,31,2
2647,30/12/2014,1,2,5,12,34,35,4
2646,27/12/2014,4,5,18,20,28,36,4
2645,23/12/2014,7,9,20,24,28,35,5
2644,20/12/2014,6,12,25,27,30,37,5
2643,16/12/2014,9,12,25,29,34,36,5
2642,13/12/2014,2,9,27,29,32,36,1
2641,09/12/2014,5,7,10,15,22,35,5
2640,06/12/2014,3,20,28,31,33,37,5
2639,02/12/2014,1,2,9,11,15,21,2
2638,29/11/2014,2,10,14,17,28,34,2
2637,25/11/2014,2,9,13,16,28,29,1
2636,22/11/2014,4,6,10,11,14,25,7
2635,18/11/2014,1,3,29,30,33,35,2
2634,15/11/2014,4,8,9,23,25,31,4
2633,11/11/2014,3,11,18,25,33,36,7
2632,08/11/2014,7,16,18,21,23,36,6
2631,04/11/2014,2,19,28,29,34,36,6
2630,01/11/2014,1,2,5,15,27,31,4
2629,28/10/2014,12,15,20,30,33,37,3
2628,25/10/2014,2,5,6,10,19,29,5
2627,21/10/2014,5,7,9,11,24,29,1
2626,18/10/2014,9,10,11,12,21,32,5
2625,14/10/2014,5,10,17,23,32,36,6
2624,11/10/2014,2,6,11,16,27,34,3
2623,07/10/2014,8,10,15,23,26,34,1
2622,05/10/2014,1,9,10,21,26,37,3
2621,30/09/2014,8,13,17,18,34,36,1
2620,28/09/2014,13,17,19,26,30,36,5
2619,23/09/2014,7,9,10,34,35,36,7
2618,20/09/2014,7,19,20,25,31,34,3
2617,16/09/2014,3,8,11,19,26,35,2
2616,13/09/2014,1,4,12,18,31,37,3
2615,09/09/2014,2,12,14,27,29,32,5
2614,06/09/2014,3,15,24,25,26,35,2
2613,02/09/2014,6,10,18,27,35,36,6
2612,30/08/2014,2,9,28,31,32,35,6
2611,26/08/2014,2,7,10,23,26,35,6
2610,23/08/2014,5,15,20,25,27,32,4
2609,19/08/2014,4,16,30,32,34,36,4
2608,16/08/2014,2,5,7,16,22,37,4
2607,12/08/2014,3,15,21,28,30,32,4
2606,09/08/2014,4,11,13,20,32,35,2
2605,05/08/2014,5,9,21,23,28,33,7
2604,02/08/2014,6,13,14,21,23,26,6
2603,29/07/2014,3,5,8,16,17,20,2
2602,26/07/2014,2,3,28,30,33,35,5
2601,22/07/2014,2,10,12,23,30,33,5
2600,19/07/2014,4,11,27,32,34,37,4
2599,15/07/2014,7,14,20,27,29,31,5
2598,12/07/2014,4,11,12,13,20,27,2
2597,08/07/2014,2,5,18,19,20,31,1
2596,05/07/2014,1,10,17,21,22,31,4
2595,01/07/2014,5,13,17,26,29,33,5
2594,28/06/2014,1,2,6,19,29,33,7
2593,24/06/2014,7,8,15,30,33,34,6
2592,21/06/2014,8,11,22,33,34,35,6
2591,17/06/2014,7,8,15,18,29,34,4
2590,14/06/2014,13,15,24,25,30,32,5
2589,10/06/2014,6,8,9,25,29,37,3
2588,07/06/2014,4,9,10,14,19,35,2
2587,04/06/2014,11,17,19,31,36,37,1
2586,31/05/2014,5,11,12,13,15,22,7
2585,27/05/2014,3,4,6,18,26,29,3
2584,24/05/2014,5,10,19,25,32,35,7
2583,20/05/2014,2,6,12,26,30,35,3
2582,17/05/2014,1,3,11,16,20,35,2
2581,13/05/2014,3,11,17,20,31,32,6
2580,10/05/2014,1,2,3,4,7,25,2
2579,07/05/2014,6,8,9,17,29,30,4
2578,03/05/2014,20,22,28,31,35,36,3
2577,29/04/2014,3,5,9,14,22,23,7
2576,26/04/2014,2,4,13,16,29,34,1
2575,22/04/2014,1,3,5,16,26,30,5
2574,19/04/2014,2,3,20,31,35,37,7
2573,16/04/2014,4,9,23,28,34,36,5
2572,12/04/2014,11,16,19,24,27,35,3
2571,08/04/2014,10,21,28,30,31,35,6
2570,05/04/2014,2,12,18,28,33,34,1
2569,01/04/2014,15,17,23,25,30,35,2
2568,29/03/2014,4,13,24,25,32,34,2
2567,25/03/2014,3,6,16,28,32,33,2
2566,22/03/2014,3,4,23,26,31,35,3
2565,18/03/2014,4,9,12,14,17,29,2
2564,15/03/2014,7,17,24,29,36,37,7
2563,11/03/2014,1,3,6,9,34,37,3
2562,08/03/2014,17,21,23,24,26,35,2
2561,04/03/2014,3,6,17,23,27,32,6
2560,01/03/2014,4,8,9,22,29,33,6
2559,25/02/2014,5,6,11,21,22,28,2
2558,22/02/2014,3,8,23,26,28,29,6
2557,18/02/2014,3,7,14,21,27,37,6
2556,15/02/2014,1,6,10,16,21,22,4
2555,11/02/2014,2,5,18,20,23,29,3
2554,08/02/2014,16,22,26,29,36,37,3
2553,04/02/2014,1,2,4,28,29,31,5
2552,01/02/2014,1,5,12,22,24,27,6
2551,28/01/2014,20,24,26,28,32,33,6
2550,25/01/2014,13,15,26,28,29,36,2
2549,21/01/2014,18,22,30,34,35,37,7
2548,18/01/2014,1,11,15,16,23,32,5
2547,14/01/2014,2,8,10,13,35,37,5
2546,11/01/2014,1,3,4,22,28,36,2
2545,07/01/2014,12,13,18,31,32,36,7
2544,04/01/2014,7,9,13,18,21,22,4
2543,31/12/2013,7,9,10,22,24,33,4
2542,28/12/2013,4,14,16,21,33,36,3
2541,24/12/2013,9,18,25,30,33,37,5
2540,21/12/2013,5,20,21,26,30,35,1
2539,17/12/2013,13,15,17,24,26,27,3
2538,14/12/2013,5,11,25,26,29,36,3
2537,10/12/2013,1,8,12,19,26,27,3
2536,07/12/2013,1,3,11,13,21,28,7
2535,03/12/2013,2,10,16,26,27,30,4
2534,30/11/2013,11,21,29,33,35,37,4
2533,26/11/2013,11,14,19,21,26,33,7
2532,23/11/2013,1,9,17,29,30,37,5
2531,19/11/2013,4,6,10,17,28,32,4
2530,16/11/2013,7,19,22,28,30,33,4
2529,12/11/2013,14,22,24,33,35,36,7
2528,09/11/2013,3,4,24,27,31,36,2
2527,05/11/2013,1,10,12,19,35,36,6
2526,02/11/2013,2,8,12,19,26,27,6
2525,29/10/2013,1,7,10,21,28,30,1
2524,26/10/2013,1,2,7,12,29,33,3
2523,22/10/2013,11,17,21,23,26,27,3
2522,19/10/2013,6,13,15,22,23,37,6
2521,15/10/2013,5,8,10,20,34,37,2
2520,12/10/2013,3,8,16,19,25,27,1
2519,08/10/2013,3,7,13,17,18,28,7
2518,05/10/2013,2,4,12,27,34,37,2
2517,01/10/2013,10,11,19,21,23,29,4
2516,28/09/2013,3,9,14,20,34,35,2
2515,24/09/2013,11,21,22,23,28,37,5
2514,21/09/2013,3,8,17,19,24,33,6
2513,17/09/2013,17,20,26,28,30,33,4
2512,15/09/2013,1,3,4,6,12,13,4
2511,10/09/2013,3,13,24,27,33,35,3
2510,08/09/2013,2,6,16,28,35,37,7
2509,03/09/2013,8,14,27,29,33,37,6
2508,31/08/2013,7,12,16,22,24,25,3
2507,27/08/2013,4,16,17,19,30,34,5
2506,24/08/2013,6,10,11,15,19,24,5
2505,20/08/2013,8,13,16,17,29,37,6
2504,17/08/2013,5,9,17,19,33,35,7
2503,13/08/2013,1,5,14,19,26,28,4
2502,10/08/2013,1,3,18,19,35,37,6
2501,06/08/2013,2,3,4,27,30,32,6
2500,03/08/2013,5,8,9,17,24,32,5
2499,30/07/2013,13,14,26,29,31,35,1
2498,27/07/2013,8,9,11,16,31,34,4
2497,23/07/2013,8,13,23,26,27,29,3
2496,20/07/2013,3,7,8,24,34,36,2
2495,16/07/2013,4,11,12,15,30,33,1
2494,13/07/2013,12,18,19,28,29,34,7
2493,09/07/2013,7,16,19,21,31,36,3
2492,06/07/2013,4,19,27,30,31,35,5
2491,02/07/2013,4,10,15,24,28,29,5
2490,29/06/2013,8,10,17,18,35,37,1
2489,25/06/2013,4,21,22,23,27,35,5
2488,22/06/2013,3,6,7,10,16,30,4
2487,18/06/2013,3,9,10,22,28,33,7
2486,15/06/2013,11,15,21,29,31,36,3
2485,11/06/2013,3,21,25,26,36,37,1
2484,08/06/2013,4,6,17,19,21,36,3
2483,04/06/2013,13,17,21,27,29,31,4
2482,01/06/2013,12,19,21,23,26,35,5
2481,28/05/2013,2,11,16,18,26,36,4
2480,25/05/2013,3,9,21,26,29,37,1
2479,21/05/2013,8,10,14,17,20,34,1
2478,18/05/2013,2,4,24,25,32,34,1
2477,15/05/2013,3,7,15,19,24,33,4
2476,11/05/2013,7,20,26,33,34,35,3
2475,07/05/2013,10,19,20,24,28,33,3
2474,04/05/2013,1,4,6,9,25,35,1
2473,30/04/2013,1,2,3,10,16,29,6
2472,27/04/2013,12,13,28,33,35,37,5
2471,23/04/2013,2,7,12,19,27,37,6
2470,20/04/2013,18,20,25,27,32,36,1
2469,17/04/2013,1,26,28,32,33,35,5
2468,13/04/2013,1,11,15,24,27,34,5
2467,09/04/2013,11,20,21,22,25,36,7
2466,06/04/2013,8,12,13,27,28,34,7
2465,02/04/2013,1,8,12,19,30,35,4
2464,30/03/2013,8,10,12,15,19,30,5
2463,27/03/2013,3,4,7,21,33,37,2
2462,23/03/2013,6,12,13,24,27,29,4
2461,19/03/2013,1,8,9,18,19,20,4
2460,16/03/2013,17,25,29,30,33,37,2
2459,12/03/2013,2,14,27,28,32,34,7
2458,09/03/2013,7,9,13,14,30,33,1
2457,05/03/2013,5,13,19,22,28,33,2
2456,02/03/2013,3,4,26,30,34,37,4
2455,26/02/2013,3,9,13,17,25,37,1
2454,23/02/2013,13,16,24,31,35,36,5
2453,19/02/2013,4,23,25,30,32,35,3
2452,16/02/2013,6,8,14,20,25,29,6
2451,12/02/2013,1,15,17,21,34,37,3
2450,09/02/2013,4,20,21,26,35,37,1
2449,05/02/2013,3,5,10,17,30,32,1
2448,02/02/2013,1,9,11,20,25,27,3
2447,29/01/2013,9,16,18,30,32,33,7
2446,26/01/2013,6,9,13,17,29,34,6
2445,22/01/2013,1,6,14,20,29,36,2
2444,19/01/2013,10,12,26,27,31,36,3
2443,15/01/2013,5,13,14,16,18,21,2
2442,12/01/2013,1,3,11,25,33,34,3
2441,08/01/2013,9,16,17,20,32,33,4
2440,05/01/2013,7,10,12,19,25,36,7
2439,01/01/2013,5,11,12,13,15,20,4
2438,29/12/2012,11,13,18,26,27,36,2
2437,25/12/2012,1,4,5,7,18,23,1
2436,22/12/2012,7,16,28,31,33,35,4
2435,20/12/2012,6,9,24,25,33,34,2
2434,18/12/2012,8,14,18,22,25,31,1
2433,15/12/2012,7,10,17,23,24,31,3
2432,11/12/2012,2,9,15,22,31,33,6
2431,08/12/2012,3,10,11,13,26,37,1
2430,06/12/2012,5,6,9,26,32,35,4
2429,04/12/2012,2,3,6,19,25,27,7
2428,01/12/2012,2,8,12,31,34,35,5
2427,27/11/2012,12,14,19,20,23,25,4
2426,24/11/2012,8,11,25,30,31,33,7
2425,20/11/2012,4,5,21,30,36,37,5
2424,17/11/2012,2,12,13,16,23,25,1
2423,13/11/2012,6,8,14,25,26,31,1
2422,10/11/2012,12,15,24,26,31,33,1
2421,06/11/2012,11,19,21,22,26,30,4
2420,03/11/2012,1,8,10,12,16,26,6
2419,01/11/2012,2,7,10,11,29,32,5
2418,30/10/2012,5,7,14,15,16,35,7
2417,27/10/2012,3,9,15,24,30,35,7
2416,23/10/2012,1,3,7,18,28,34,7
2415,20/10/2012,6,17,22,24,26,31,6
2414,18/10/2012,2,3,6,20,21,30,2
2413,16/10/2012,7,10,11,19,23,25,6
2412,13/10/2012,3,9,14,19,27,31,6
2411,09/10/2012,2,4,7,24,32,36,1
2410,06/10/2012,2,8,16,23,29,36,3
2409,02/10/2012,1,8,20,21,33,37,2
2408,29/09/2012,4,8,27,30,34,36,6
2407,27/09/2012,2,12,20,22,24,32,5
2406,22/09/2012,12,13,16,18,35,37,5
2405,20/09/2012,11,19,22,23,25,36,5
2404,15/09/2012,2,6,12,16,21,26,5
2403,11/09/2012,3,5,10,11,12,21,3
2402,08/09/2012,8,23,26,31,34,35,5
2401,06/09/2012,9,13,21,22,24,31,1
2400,04/09/2012,3,7,15,29,31,34,7
2399,01/09/2012,2,3,18,20,26,35,2
2398,28/08/2012,2,6,19,29,36,37,7
2397,25/08/2012,7,11,26,27,28,34,6
2396,21/08/2012,6,7,17,18,25,35,4
2395,18/08/2012,4,12,16,21,26,30,6
2394,14/08/2012,5,8,25,29,30,31,4
2393,11/08/2012,9,16,21,24,26,33,7
2392,07/08/2012,1,15,21,23,26,36,3
2391,04/08/2012,4,12,19,23,27,31,1
2390,02/08/2012,3,8,30,34,35,36,7
2389,31/07/2012,1,5,11,18,26,30,3
2388,27/07/2012,3,15,26,27,36,37,5
2387,24/07/2012,1,11,21,25,26,31,4
2386,21/07/2012,4,8,21,22,24,29,1
2385,17/07/2012,9,15,25,26,28,32,3
2384,14/07/2012,2,11,12,18,24,26,5
2383,10/07/2012,7,20,23,24,25,36,7
2382,07/07/2012,4,8,14,21,27,37,3
2381,05/07/2012,5,8,11,21,35,37,6
2380,03/07/2012,9,15,25,30,32,33,7
2379,30/06/2012,3,8,9,10,16,36,6
2378,26/06/2012,1,2,14,15,28,31,2
2377,23/06/2012,10,12,18,21,25,35,2
2376,21/06/2012,6,7,11,30,33,35,3
2375,19/06/2012,2,5,14,21,36,37,3
2374,16/06/2012,1,2,3,16,28,30,3
2373,12/06/2012,5,7,11,24,26,30,1
2372,09/06/2012,1,6,25,29,33,34,2
2371,07/06/2012,5,10,12,20,22,31,1
2370,05/06/2012,7,21,26,31,32,35,6
2369,02/06/2012,2,8,12,17,21,24,3
2368,29/05/2012,3,8,10,23,24,34,3
2367,27/05/2012,14,19,30,34,35,36,4
2366,22/05/2012,9,11,21,25,26,32,6
2365,19/05/2012,5,6,7,16,23,36,1
2364,15/05/2012,4,5,18,23,32,36,4
2363,12/05/2012,1,2,3,14,23,29,7
2362,08/05/2012,2,21,22,23,28,30,4
2361,05/05/2012,18,22,25,26,27,33,3
2360,03/05/2012,4,15,17,20,21,25,4
2359,01/05/2012,8,9,19,27,28,33,2
2358,28/04/2012,5,17,19,22,25,32,1
2357,23/04/2012,1,2,9,12,26,29,2
2356,21/04/2012,1,8,21,23,28,32,5
2355,17/04/2012,3,5,7,27,35,36,2
2354,15/04/2012,3,11,12,15,22,33,7
2353,10/04/2012,1,8,14,21,23,31,2
2352,08/04/2012,7,16,17,18,20,36,1
2351,03/04/2012,8,13,15,21,23,26,3
2350,31/03/2012,6,8,9,11,17,31,1
2349,29/03/2012,8,12,13,16,30,37,2
2348,27/03/2012,3,5,12,23,24,32,7
2347,24/03/2012,1,3,5,11,19,24,5
2346,20/03/2012,2,14,15,23,27,31,3
2345,17/03/2012,1,4,14,23,29,30,7
2344,13/03/2012,2,3,10,11,28,34,6
2343,10/03/2012,12,19,23,30,35,37,5
2342,06/03/2012,6,13,14,22,28,29,6
2341,03/03/2012,2,7,8,14,31,34,5
2340,01/03/2012,11,13,24,26,29,34,6
2339,28/02/2012,2,10,14,32,34,36,7
2338,25/02/2012,1,5,11,13,21,35,2
2337,21/02/2012,18,21,22,23,25,36,2
2336,18/02/2012,3,5,7,8,32,37,5
2335,14/02/2012,7,10,22,23,27,36,3
2334,11/02/2012,2,4,25,30,33,37,6
2333,07/02/2012,1,2,17,19,29,32,4
2332,04/02/2012,15,16,17,25,27,30,4
2331,02/02/2012,14,17,29,31,32,35,5
2330,31/01/2012,8,15,20,26,27,34,6
2329,28/01/2012,8,12,18,20,29,32,3
2328,24/01/2012,3,10,15,24,28,37,4
2327,21/01/2012,14,16,27,28,32,36,5
2326,17/01/2012,2,19,22,25,26,28,3
2325,14/01/2012,5,10,14,25,27,33,2
2324,10/01/2012,7,10,16,21,25,28,5
2323,07/01/2012,1,2,20,21,25,28,1
2322,05/01/2012,3,23,25,28,29,33,4
2321,03/01/2012,7,25,27,31,32,34,7
2320,31/12/2011,2,3,8,15,19,34,6
2319,27/12/2011,5,6,7,12,33,36,7
2318,24/12/2011,1,3,13,14,17,36,5
2317,20/12/2011,4,16,21,26,28,30,2
2316,17/12/2011,6,7,22,30,31,36,6
2315,13/12/2011,2,4,5,11,15,24,7
2314,11/12/2011,3,10,23,27,32,37,6
2313,06/12/2011,6,13,15,17,19,35,3
2312,03/12/2011,7,8,20,26,30,34,2
2311,29/11/2011,12,21,25,27,29,31,2
2310,26/11/2011,2,7,10,20,23,32,7
2309,22/11/2011,15,16,20,24,28,35,6
2308,19/11/2011,15,19,22,29,33,37,7
2307,15/11/2011,2,4,5,7,24,33,1
2306,12/11/2011,3,12,16,21,26,36,1
2305,08/11/2011,1,2,14,15,18,32,1
2304,05/11/2011,6,15,20,25,28,30,5
2303,01/11/2011,2,15,17,18,20,34,2
2302,29/10/2011,2,7,9,14,23,24,6
2301,25/10/2011,10,13,20,35,36,37,1
2300,23/10/2011,9,18,20,31,32,37,3
2299,18/10/2011,2,4,17,20,26,34,4
2298,15/10/2011,7,12,15,27,33,37,3
2297,11/10/2011,1,3,4,7,20,34,3
2296,09/10/2011,3,9,12,17,24,30,2
2295,04/10/2011,5,8,10,16,19,31,7
2294,02/10/2011,12,16,24,29,33,35,2
2293,27/09/2011,3,5,10,11,34,36,6
2292,24/09/2011,4,15,16,17,35,37,3
2291,20/09/2011,9,13,16,17,34,35,5
2290,17/09/2011,15,18,21,29,31,34,6
2289,13/09/2011,15,19,29,31,34,35,7
2288,10/09/2011,10,11,14,19,20,29,2
2287,06/09/2011,6,7,12,18,25,26,1
2286,03/09/2011,9,16,18,20,21,25,6
2285,30/08/2011,1,2,3,5,22,28,5
2284,27/08/2011,8,12,15,23,34,35,3
2283,23/08/2011,16,17,21,28,33,37,4
2282,20/08/2011,17,18,24,30,36,37,2
2281,16/08/2011,4,6,8,32,35,37,1
2280,13/08/2011,4,7,12,18,20,36,1
2279,09/08/2011,9,15,17,18,25,26,3
2278,06/08/2011,1,2,10,15,25,32,6
2277,02/08/2011,7,10,14,18,20,36,2
2276,30/07/2011,1,5,13,24,30,37,6
2275,26/07/2011,1,4,11,26,28,34,7
2274,23/07/2011,15,17,23,24,27,31,2
2273,19/07/2011,1,16,20,24,29,36,5
2272,16/07/2011,7,11,17,21,23,37,2
2271,12/07/2011,1,2,9,21,22,36,3
2270,09/07/2011,3,11,15,17,22,23,1
2269,05/07/2011,1,6,19,23,33,37,3
2268,02/07/2011,4,11,17,24,25,30,3
2267,28/06/2011,21,24,30,32,36,37,4
2266,25/06/2011,6,10,16,20,23,30,1
2265,21/06/2011,5,16,19,25,28,34,2
2264,18/06/2011,4,16,19,29,30,32,6
2263,14/06/2011,1,3,4,18,24,26,3
2262,11/06/2011,2,8,12,17,26,35,7
2261,08/06/2011,8,11,13,16,32,37,7
2260,04/06/2011,5,9,12,16,20,26,1
2259,31/05/2011,2,9,20,22,23,33,2
2258,28/05/2011,6,10,16,19,27,32,5
2257,24/05/2011,7,12,18,23,34,36,4
2256,21/05/2011,2,16,17,31,35,36,5
2255,17/05/2011,3,12,15,16,27,34,2
2254,14/05/2011,10,16,21,23,35,37,7
2253,11/05/2011,4,8,12,14,22,24,4
2252,07/05/2011,1,12,14,20,21,29,2
2251,03/05/2011,5,11,13,14,34,36,4
2250,30/04/2011,3,4,19,23,27,33,6
2249,27/04/2011,3,14,17,24,30,35,4
2248,23/04/2011,10,14,19,20,23,34,5
2247,20/04/2011,12,13,15,26,28,36,4
2246,16/04/2011,7,8,11,13,15,28,1
2245,12/04/2011,5,12,17,19,24,34,2
2244,09/04/2011,6,16,18,22,26,31,7
2243,05/04/2011,5,6,8,12,29,35,7
2242,02/04/2011,6,14,16,19,21,30,2
2241,29/03/2011,6,13,21,23,24,29,1
2240,26/03/2011,8,12,13,19,23,29,3
2239,22/03/2011,4,5,7,8,15,33,7
2238,19/03/2011,8,10,17,19,24,32,3
2237,15/03/2011,4,11,18,19,22,28,2
2236,12/03/2011,3,7,14,17,18,20,1
2235,08/03/2011,2,7,8,9,13,28,3
2234,05/03/2011,2,17,19,21,26,31,6
